Description	ID	Manufacturer	"Manufacturer Part Number"	Supplier	"Supplier Part Number"	"Reference Designators"	"Line Quantity"	"Order Quantity"	"Unit Price"	"Order Price"	"Legacy ID"	"Mounting Type"	"Datasheet 1"	"Datasheet 2"	"Datasheet 3"	"Datasheet 4"	"Datasheet 5"	"Datasheet 6"	"Datasheet 7"	"Datasheet 8"	"Datasheet 9"	"Datasheet 10"	"Datasheet 11"	"Datasheet 12"	"Datasheet 13"	"Datasheet 14"	"Datasheet 15"	"Datasheet 16"	"Datasheet 17"	"Datasheet 18"	"Datasheet 19"	"Datasheet 20"	"Datasheet 21"	"Datasheet 22"	"Datasheet 23"	"Datasheet 24"	"Datasheet 25"	"Datasheet 26"	"Datasheet 27"	"Datasheet 28"	"Datasheet 29"
"CAP CER 1UF 10V X7R 0805"	AVX/0805ZC105KAT2A	AVX	0805ZC105KAT2A	Arrow	0805ZC105KAT2A**MULT1	C5	1	100	0.0393	3.93		"Surface mount"	http://datasheet.octopart.com/0603ZD105KAT2A-AVX-datasheet-8447489.pdf	http://datasheet.octopart.com/0603ZD105KAT2A-AVX-datasheet-8122235.pdf	http://datasheet.octopart.com/0603ZD105KAT2A-AVX-datasheet-5383.pdf	http://datasheet.octopart.com/0603ZD105KAT2A-AVX-datasheet-499312.pdf	http://datasheet.octopart.com/08055C104KAT2A-AVX-datasheet-8113618.pdf	http://datasheet.octopart.com/08055C104KAT2A-AVX-datasheet-167033.pdf	http://datasheet.octopart.com/08055C104KAT2A-AVX-datasheet-12509786.pdf	http://datasheet.octopart.com/08055C104KAT2A-AVX-datasheet-12587061.pdf	http://datasheet.octopart.com/08055C104KAT2A-AVX-datasheet-111406.pdf	http://datasheet.octopart.com/08055C104KAT2A-AVX-datasheet-4352.pdf	http://datasheet.octopart.com/08055C104KAT2A-AVX-datasheet-5313617.pdf	http://datasheet.octopart.com/08055C104KAT2A-AVX-datasheet-148183.pdf	http://datasheet.octopart.com/08055C104KAT2A-AVX-datasheet-5377487.pdf	http://datasheet.octopart.com/08055C104KAT2A-AVX-datasheet-119053.pdf	http://datasheet.octopart.com/08055C104KAT2A-AVX-datasheet-899.pdf	http://datasheet.octopart.com/06035C103KAT2A-AVX-datasheet-499018.pdf	http://datasheet.octopart.com/0805ZC105KAT2A-AVX-datasheet-8362780.pdf												
"PTC RESETTABLE SMD 1206 15V 0.5A"	CB/PTS120615V050	"Cooper Bussmann"	PTS120615V050	"Master Electronics"	PTS120615V050	F1	1	15	0.136	2.04		"Surface mount"	http://datasheet.octopart.com/PTS120615V050-Cooper-Bussmann-datasheet-11745732.pdf	http://datasheet.octopart.com/PTS120615V050-Cooper-Bussmann-datasheet-83967986.pdf	http://datasheet.octopart.com/PTS120615V050-Cooper-Bussmann-datasheet-77826339.pdf	http://datasheet.octopart.com/PTS120615V050-Cooper-Bussmann-datasheet-12529620.pdf	http://datasheet.octopart.com/PTS120615V050-Cooper-Bussmann-datasheet-12528868.pdf	http://datasheet.octopart.com/PTS120615V050-Cooper-Bussmann-datasheet-13042852.pdf																							
"SWITCH TACTILE SPST-NO 0.05A 12V"	CK/PTS645SH50SMTR92LFS	"C&K Components"	PTS645SH50SMTR92LFS	Arrow	PTS645SH50SMTR92LFS**MUL	SW1	1	15	0.1932	2.898		"Surface mount"	http://datasheet.octopart.com/PTS645SH50SMTR92LFS-C%26K-Components-datasheet-67873720.pdf	http://datasheet.octopart.com/PTS645SH50SMTR92LFS-C%26K-Components-datasheet-62111174.pdf	http://datasheet.octopart.com/PTS645SH50SMTR92-LFS-C%26K-Components-datasheet-24578962.pdf	http://datasheet.octopart.com/PTS645SH50SMTR92-LFS-C%26K-Components-datasheet-12590747.pdf																									
"DIODE GEN PURP 75V 150MA SOD323"	DIODES/1N4148WS-7-F	"Diodes Inc."	1N4148WS-7-F	"Allied Electronics"	71028126	D54,D38,D39,D4,D40,D41,D42,D43,D44,D45,D46,D47,D48,D49,D5,D50,D51,D52,D53,D55,D9,D8,D7,D69,D68,D66,D65,D64,D63,D62,D61,D60,D6,D59,D58,D57,D56,D1,D10,D11,D12,D13,D14,D15,D16,D17,D18,D19,D2,D20,D21,D22,D23,D24,D25,D26,D27,D28,D29,D3,D30,D31,D32,D33,D34,D35,D36,D37	68	400	0.03	12		"Surface mount"	http://datasheet.octopart.com/1N4148WS7F-Diodes-Inc.-datasheet-34441419.pdf	http://datasheet.octopart.com/1N4148WS-7-F-Diodes-Inc.-datasheet-11839050.pdf	http://datasheet.octopart.com/1N4148WS-7-F-Diodes-Inc.-datasheet-10031541.pdf	http://datasheet.octopart.com/1N4148WS-7-F-Diodes-Inc.-datasheet-8329243.pdf	http://datasheet.octopart.com/1N4148WS-7-F-Diodes-Inc.-datasheet-7284054.pdf	http://datasheet.octopart.com/1N4148WS-7-F-Diodes-Inc.-datasheet-139480.pdf	http://datasheet.octopart.com/1N4148WS-7-F-Diodes-Inc.-datasheet-14053694.pdf	http://datasheet.octopart.com/1N4148WS-7-F-Diodes-Inc.-datasheet-479.pdf																					
DNP	DNP					K95,REF**,P1,K36,K37,K38,K39,K4,K40,K41,K42,K45,K47,K5,K50,K51,K52,K53,K54,K55,K56,K57,K58,K6,K60,K62,K63,K66,K67,K7,K77,K8,K81,K83,K84,K85,K86,K87,K9,K1,K10,K11,K12,K13,K15,K16,K18,K19,K2,K20,K21,K22,K23,K24,K25,K26,K27,K28,K29,K3,K32,K33,K34,K35,K82,K80,K78,K76,K30,K17,K31,K65,K64,K59,K92,K70,K69,K68,K72,K73,K74,K61,K75,K44,K89,K49,K43,K91,K90,K94,K88,K96,K93,K71,K79,K48,K46,K14																																			
"nRF24L01+ SMD module"	GENERIC/NRF24L01+	Generic	NRF24L01+	AliExpress-user-8073	"NRF24L01+ SMD"	U1	1	10	0.864	8.64		"Surface mount"																													
"CONN RCPT MINI USB2.0 5POS"	HIROSE/UX60SC-MB-5S8	Hirose	UX60SC-MB-5S8	Mouser	798-UX60SC-MB-5S8	J1	1	10	0.792	7.92		"Surface mount"	http://datasheet.octopart.com/UX60SC-MB-5S8-Hirose-datasheet-33021016.pdf	http://datasheet.octopart.com/UX60SC-MB-5S8-Hirose-datasheet-12510617.pdf																											
"COIN CLL HLDR 20MM SMT 2025/2032"	KEYSTONE/1058TR	Keystone	1058TR	Digi-Key	36-1058CT-ND	BT1	1	9	2.28	20.52		"Surface mount"																													
"IC MCU 8BIT 32KB FLASH 44TQFP"	MICROCHIP/ATXMEGA32A4U-AU	Microchip	ATXMEGA32A4U-AU	"Future Electronics"	3038190	IC1	1	8	2.51	20.08		"Surface mount"	http://datasheet.octopart.com/ATXMEGA32A4U-AU-Atmel-datasheet-26568358.pdf	http://datasheet.octopart.com/ATXMEGA32A4U-AU-Atmel-datasheet-37082326.pdf	http://datasheet.octopart.com/ATXMEGA32A4U-AU-Atmel-datasheet-15206656.pdf	http://datasheet.octopart.com/ATXMEGA32A4U-AU-Atmel-datasheet-68751926.pdf	http://datasheet.octopart.com/ATXMEGA32A4U-AU-Atmel-datasheet-13408407.pdf	http://datasheet.octopart.com/ATXMEGA32A4U-AU-Atmel-datasheet-11797853.pdf																							
"IC REG LINEAR 3V 250MA SOT23-3"	MICROCHIP/MCP1700T-3002E/TT	Microchip	MCP1700T-3002E/TT	Arrow	MCP1700T-3002E/TT**MULT1	U2	1	15	0.3365	5.0475	MICROCHIP/MCP1700T-3002E%2FTT	"Surface mount"																													
"RES SMD 100K OHM 5% 1/2W 0805"	PANASONIC/ERJ-P06J104V	Panasonic	ERJ-P06J104V	TTI	ERJ-P06J104V	R4,R5	2	5000	0.0112	56		"Surface mount"																													
"DIODE ARRAY SCHOTTKY 30V SOT23-3"	STMICRO/BAR43CFILM	STMicroelectronics	BAR43CFILM	Arrow	BAR43CFILM**MULT1	D67	1	100	0.0678	6.78		"Surface mount"																													
"CAP CER 0.1UF 50V X7R 0805"	TC2/TYC0805B104KGP	"TE Connectivity / AMP"	TYC0805B104KGP	Mouser	279-TYC0805B104KGP	C3,C4,C1,C2	4	30	0.1	3		"Surface mount"																													
"RES SMD 10K OHM 5% 1/8W 0805"	VISHAY/CRCW080510K0JNEA	Vishay	CRCW080510K0JNEA	"Allied Electronics"	70201193	R1	1	100	0.007	0.7000000000000001		"Surface mount"	http://datasheet.octopart.com/CRCW080510K0JNEA-Vishay-Dale-datasheet-41195454.pdf	http://datasheet.octopart.com/CRCW080510K0JNEA-Vishay-Dale-datasheet-47688880.pdf	http://datasheet.octopart.com/CRCW080510K0JNEA-Vishay-Dale-datasheet-41169522.pdf	http://datasheet.octopart.com/CRCW080510K0JNEA-Vishay-datasheet-41302739.pdf	http://datasheet.octopart.com/CRCW080510K0JNEA-Vishay-datasheet-5300368.pdf	http://datasheet.octopart.com/CRCW080510K0JNEA-Vishay-datasheet-5306405.pdf	http://datasheet.octopart.com/CRCW080510K0JNEA-Vishay-Draloric-datasheet-16179825.pdf	http://datasheet.octopart.com/CRCW080510K0JNEA-Vishay-datasheet-12517896.pdf	http://datasheet.octopart.com/D-CRCW-e3-Standard-Thick-Film-Chip-Resistors-Vishay-datasheet-family-64.pdf	http://datasheet.octopart.com/CRCW080510K0JNEA-Vishay-datasheet-17834126.pdf	http://datasheet.octopart.com/CRCW080510K0JNEA-Vishay-datasheet-5377306.pdf	http://datasheet.octopart.com/CRCW080510K0JNEA-Vishay-datasheet-34203.pdf	http://datasheet.octopart.com/CRCW080510K0JNEA-Vishay-datasheet-10322335.pdf	http://datasheet.octopart.com/CRCW080510K0JNEA-Vishay-datasheet-8361388.pdf	http://datasheet.octopart.com/CRCW080510K0JNEA-Vishay-datasheet-12001583.pdf	http://datasheet.octopart.com/CRCW080510K0JNEA-Vishay-datasheet-11540273.pdf	http://datasheet.octopart.com/CRCW080510K0JNEA-Vishay-datasheet-8788789.pdf	http://datasheet.octopart.com/CRCW080510K0JNEA-Vishay-datasheet-12532161.pdf	http://datasheet.octopart.com/CRCW080510K0JNEA-Vishay-datasheet-12509762.pdf	http://datasheet.octopart.com/CRCW080510K0JNEA-Vishay-datasheet-13195083.pdf	http://datasheet.octopart.com/CRCW080510K0JNEA-Vishay-datasheet-14722531.pdf	http://datasheet.octopart.com/CRCW080510K0JNEA-Vishay-datasheet-13242068.pdf	http://datasheet.octopart.com/CRCW080510K0JNEA-Vishay-datasheet-8619608.pdf	http://datasheet.octopart.com/CRCW080510K0JNEA-Vishay-datasheet-148188.pdf	http://datasheet.octopart.com/CRCW080510K0JNEA-Vishay-datasheet-12600034.pdf	http://datasheet.octopart.com/CRCW080510K0JNEA-Vishay-datasheet-13034211.pdf	http://datasheet.octopart.com/CRCW080510K0JNEA-Vishay-datasheet-546287.pdf	http://datasheet.octopart.com/CRCW080510K0JNEA-Vishay-Dale-datasheet-33013972.pdf	http://datasheet.octopart.com/CRCW080510K0JNEA-Vishay-datasheet-8363642.pdf
"RES SMD 22 OHM 1% 1/8W 0805"	YAGEO/AC0805FR-0722RL	Yageo	AC0805FR-0722RL	Mouser	603-AC0805FR-0722RL	R3,R2	2	100	0.009	0.8999999999999999		"Surface mount"																													
